<?xml version="1.0" encoding="UTF-8"?>
<!DOCTYPE hibernate-configuration PUBLIC "-//Hibernate/Hibernate Configuration DTD 3.0//EN" "http://www.hibernate.org/dtd/hibernate-configuration-3.0.dtd">

<hibernate-configuration>
	<session-factory>
		<!-- Database connection settings -->
		<property name="connection.driver_class">com.mysql.cj.jdbc.Driver</property>
		<property name="connection.url">jdbc:mysql://vteam8.cbr4uubmqr4e.ap-northeast-2.rds.amazonaws.com:3306/YouthDataHibernate?serverTimezone=UTC</property>
		<property name="connection.username">admin</property>
		<property name="connection.password">HHzOAYbHqbL8q5M</property>

		<!-- format code SQL -->
		<property name="show_sql">true</property>
		<property name="hibernate.format_sql">true</property>
		<property name="connection.pool_size">10</property>

		<!-- other -->
		<property name="hibernate.connection.characterEncoding">utf8</property>

	</session-factory>
</hibernate-configuration>